artifact,year,evidence_level,user_attribution,public_status
CDA Notion - Stack 1 Cyber,2025,direct assignment,assigned to Syifani,metadata only
Cybersecurity Team Review and Assignment_Team5,2025,direct revision evidence,Syifani appears as last modifying user on retained revisions,summary only
CDA Notion - Stack 2 Tech,2025,direct assignment,assigned to Syifani,metadata only
Capstone Project tracker,2025,direct assignment,assigned to Syifani,metadata only
Capstone 1 The Auth Squad documentation,2025,team evidence,individual ownership not isolated,summary only
Capstone 2 Greenfield IAM Setup,2025,direct revision evidence,retained revisions modified by syfaads16,summary and reconstruction
Stack 3 IAM curriculum,2025,context,no direct assignment field retained,context only
IAM operations shift roster,2025,supporting exercise,Syifani listed in roster,exercise only
Public portfolio scripts,2026,extension,created as reconstruction/hardening,public
